{"cameraMode":{"drawMode":0,"name":"Shaded","section":"Shading Mode"},"sceneLighting":true,"audioPlay":false,"sceneViewState":{"showFog":true,"showMaterialUpdate":true,"showSkybox":true,"showFlares":true,"showImageEffects":true,"showParticleSystems":true},"in2DMode":false,"pivot":{"x":-0.49771881103515627,"y":-6.92131233215332,"z":34.019615173339847},"rotation":{"x":-0.17818409204483033,"y":0.45673736929893496,"z":-0.09392207115888596,"w":-0.8664987683296204},"size":25.525360107421876,"orthographic":false}